{
  "project_info": {
    "project_number": "21437395287",
    "project_id": "latihan-firebase-f09e2",
    "storage_bucket": "latihan-firebase-f09e2.appspot.com"
  },
  "client": [
    {
      "client_info": {
        "mobilesdk_app_id": "1:21437395287:android:7828ef47639431d7d5ce12",
        "android_client_info": {
          "package_name": "com.dicoding.ditonton"
        }
      },
      "oauth_client": [
        {
          "client_id": "21437395287-1cgfsprc3tgui8hj3schmhdffja7thlq.apps.googleusercontent.com",
          "client_type": 3
        }
      ],
      "api_key": [
        {
          "current_key": "AIzaSyDmIzSQz3z4tqxfY82_GEbIkK4DMIBRUw4"
        }
      ],
      "services": {
        "appinvite_service": {
          "other_platform_oauth_client": [
            {
              "client_id": "21437395287-1cgfsprc3tgui8hj3schmhdffja7thlq.apps.googleusercontent.com",
              "client_type": 3
            }
          ]
        }
      }
    }
  ],
  "configuration_version": "1"
}